1567,Toyota,T100,Yellow,1993
1513,Mitsubishi,Expo,Fuscia,1995
1167,Infiniti,Q,Aquamarine,2006
1287,Mercedes-Benz,SL-Class,Fuscia,1986
1344,Mercedes-Benz,SLK-Class,Puce,2006
1850,Mitsubishi,Pajero,Teal,1986
1891,GMC,Canyon,Turquoise,2009
1514,Plymouth,Prowler,Indigo,2000
1591,Eagle,Talon,Turquoise,1991
1658,Ford,E150,Aquamarine,2008
1593,Chrysler,Town & Country,Khaki,2012
1539,Volvo,XC60,Pink,2011
1171,Toyota,4Runner,Green,1993
1462,Ford,Tempo,Aquamarine,1986
1875,Volkswagen,Scirocco,Red,1985
1975,Chevrolet,Cavalier,Maroon,1994
1452,Mazda,MX-5,Indigo,1992
1950,Acura,Legend,Fuscia,1988
1052,Scion,tC,Maroon,2013
1585,Lexus,ES,Blue,2007
1391,Mitsubishi,Eclipse,Puce,2010
1568,Ford,Escape,Blue,2008
1595,Porsche,911,Violet,2001
1574,Nissan,GT-R,Pink,2012
1798,Chevrolet,Avalanche 1500,Indigo,2006
1721,Pontiac,GTO,Red,1966
1243,Lincoln,Mark VIII,Aquamarine,1997
1740,Mazda,B-Series Plus,Blue,1992
1675,Ford,E150,Green,2003
1411,Audi,90,Yellow,1991
1324,Dodge,Stratus,Teal,1996
2000,BMW,3 Series,Khaki,2011
1764,Subaru,Outback,Purple,2003
1565,Ford,Courier,Violet,1986
1063,Jaguar,XK,Blue,2011
1591,Mitsubishi,Lancer Evolution,Pink,2006
1379,Ford,Econoline E250,Red,1999
1542,Jaguar,X-Type,Purple,2003
1346,GMC,EV1,Indigo,1999
1512,Kia,Sedona,Crimson,2011
1203,Pontiac,Grand Prix,Aquamarine,2004
1792,Mitsubishi,Lancer,Yellow,2002
1347,Chevrolet,1500,Indigo,1998
1724,Chrysler,Concorde,Mauv,1994
1219,Dodge,Nitro,Blue,2009
1455,Honda,Accord,Yellow,1996
1740,Saab,9000,Red,1996
1948,Dodge,Ram Van 2500,Pink,1999
1476,Maybach,57,Goldenrod,2010
1729,GMC,Safari,Red,2001
1003,Chevrolet,Suburban 2500,Teal,2000
1864,Mercury,Grand Marquis,Turquoise,2005
1159,Mercury,Cougar,Red,1991
1948,Acura,TL,Teal,1996
1803,Saturn,Relay,Orange,2005
1887,Toyota,Land Cruiser,Indigo,2006
1393,Suzuki,Sidekick,Puce,1995
1369,Dodge,Stratus,Green,1996
1387,Mazda,Miata MX-5,Fuscia,2010
1987,Mitsubishi,Eclipse,Puce,1992
1115,Honda,Accord,Green,2002
1118,Mitsubishi,Truck,Turquoise,1986
1411,Volkswagen,Touareg,Green,2009
1550,Mercedes-Benz,CLS-Class,Teal,2010
1070,Mitsubishi,Challenger,Red,2000
1144,Mazda,929,Red,1994
1787,Mazda,Mazda2,Yellow,2012
1211,GMC,Yukon,Goldenrod,1998
1246,Infiniti,G,Crimson,1993
1112,Mitsubishi,Challenger,Khaki,2000
1005,Maserati,Coupe,Yellow,2006
1312,Mercedes-Benz,SL-Class,Teal,1989
1327,BMW,M,Yellow,2000
1964,Volkswagen,GTI,Turquoise,1986
1476,Lexus,LX,Khaki,2007
1272,Chevrolet,Impala,Pink,1995
1202,Nissan,Quest,Green,1999
1891,Cadillac,Allante,Maroon,1993
1693,Toyota,Solara,Aquamarine,2007
1829,Pontiac,Grand Am,Aquamarine,1999
1699,Infiniti,M,Teal,2010
1456,Toyota,Avalon,Mauv,2005
1940,Plymouth,Laser,Orange,1990
1680,Mercury,Mountaineer,Purple,2009
1729,Chevrolet,G-Series 2500,Aquamarine,1997
1545,Hyundai,Accent,Indigo,2005
1116,BMW,7 Series,Orange,2007
1616,Geo,Prizm,Green,1997
1934,Mitsubishi,Montero,Aquamarine,1995
1534,Dodge,Sprinter,Goldenrod,2008
1931,Dodge,Neon,Fuscia,2004
1708,Toyota,Camry,Aquamarine,1999
1915,Audi,S4,Goldenrod,2012
1689,Suzuki,Grand Vitara,Pink,2012
1340,Nissan,Maxima,Red,2012
1496,Hummer,H1,Blue,2006
1903,Aston Martin,DBS,Khaki,2012
1014,BMW,760,Turquoise,2004
1469,BMW,X6 M,Teal,2011
1963,Buick,LeSabre,Teal,1990
